site_index,code,Isbn,fa_title,en_title,score,publisher_id,pages,publication_per_date,publication_ad_date,size,cover_material,print_series,language,earliest_send_time,presence
1,105323,978-6005861280,ฺฉุชุงุจ ูู ฺฉ ุงุญูู ูุณุชู ุดูุง ฺุทูุฑโฆุ!," I'm an idiot, how about you...?!",3.04,1259,144,1402,-1,0,0,ูุงุฑุณ,3,8 ููุฑ, ููุฌูุฏ 
2,19941,978-6006935157,ฺฉุชุงุจ ููุฑุจุฑุช ุฎุฑฺฏุฑุฏู, Norberto Nucagorda,3.86,11,56,1398,1987,0,0,ูุงุฑุณ,2,8 ููุฑ, ููุฌูุฏ 
3,36714,978-9643111304,ฺฉุชุงุจ ุงุฑุงู ุจุงุณุชุงู, Ancient Persia,3.88,48,392,1402,1998,1,1,ูุงุฑุณ,16,5 ููุฑ, ููุฌูุฏ 
4,14109,978-6004054591,ฺฉุชุงุจ ูุงูู ูุง ุจู ุงููฺฏุง, Letters to Olga,3.37,31,402,1402,1983,0,2,ูุงุฑุณ,2,5 ููุฑ, ููุฌูุฏ 
5,8108,9786002961136,ฺฉุชุงุจ ฺฉ ุฑูุฒ ููุงุณุจ ุจุฑุง ุดูุง ููุฑุจุงุบู, A perfect day to swim a frog,3.06,30,92,1393,2014,0,0,ูุงุฑุณ,1,8 ููุฑ, ููุฌูุฏ 
6,76229,978-6227825107,ฺฉุชุงุจ ุฑูุจุฑ, Leadership,3.33,1440,156,1401,2010,0,0,ูุงุฑุณ,1,5 ููุฑ, ููุฌูุฏ 
7,7204,9782000547822,ฺฉุชุงุจ ูุฑฺฏุณ + ุนุดู, Narcisuss + Love,3.21,51,228,1395,2002,0,0,ูุงุฑุณ,1,---,  ุชูุงู ุดุฏ ุ ุงูุง ูุงุฑูุด ๐ 
8,87800,978-6222086718,ฺฉุชุงุจ ฺฏุฒุฏู ุทูุฒ ุดูุงุจ ุชุฑุดุฒ, Shahab Torshizi,3.33,1327,85,1401,-1,0,0,ูุงุฑุณ,1,5 ููุฑ, ููุฌูุฏ 
9,67445,978-9640363584,ฺฉุชุงุจ ุฑูฺฉุฑุฏูุง ุงุฏฺฏุฑ ูุธุฑู ู ฺฉุงุฑุจุณุช, Approaches to Learning,3.07,1967,362,1399,2008,1,0,ูุงุฑุณ,5,---,  ุชูุงู ุดุฏ ุ ุงูุง ูุงุฑูุด ๐ 
10,42613,978-6008145240,ฺฉุชุงุจ ูุดุงู ุฑู ุขุจ ู ุฑุฏ ฺฉุจูุชุฑูุง, Neshani Rouye Ab,3.95,1358,316,1396,-1,0,0,ูุงุฑุณ,1,8 ููุฑ, ููุฌูุฏ 
11,67734,978-6007084205,ฺฉุชุงุจ ุฑูุงุจุท ุจุฒุงูุณ ู ุงุฑุงู, Ravebet Bizanso Iran,3.62,1988,312,1393,-1,1,0,ูุงุฑุณ,1,5 ููุฑ, ููุฌูุฏ 
12,97859,978-9645543630,ฺฉุชุงุจ ูฺฉุงููุงุช ุญุฌุงุฌ ุนุชุจุงุช ุนุงูุงุช ูุงุฑุณ ุจู ุนุฑุจ, the dialog persian to Arabic for hojjaj,3.05,2651,166,1382,-1,2,0,ูุงุฑุณ,1,---,  ุชูุงู ุดุฏ ุ ุงูุง ูุงุฑูุด ๐ 
13,25671,978-9643124694,ฺฉุชุงุจ ูุฏุฑุช ููุงุจุน ุงูุณุงู, Human resources management,3.8,66,496,1398,-1,1,0,ูุงุฑุณ,13,---, ุจู ุฒูุฏ  ๐ 
14,16787,978-2000111603,ฺฉุชุงุจ ุฏุณุชูุฑ ููุฏูุงุช ูููู ููุฑุณุชุงู ููุณู, Violin,3.49,1575,51,1388,-1,3,0,ูุงุฑุณ,7,8 ููุฑ, ููุฌูุฏ 
15,112266,978-6226712989,ฺฉุชุงุจ ูุฌุงุฒ, Allowed,3.13,1875,119,1402,-1,0,0,ูุงุฑุณ,1,8 ููุฑ, ููุฌูุฏ 
16,105144,978-6225239210,ฺฉุชุงุจ ฺฺฏููู ุญุงู ุจูุชุฑ ู ูพูู ุจุดุชุฑ ุฏุงุดุชู ุจุงุดู, 12 Power Principles for Success,3.09,2628,197,1401,2019,0,0,ูุงุฑุณ,1,6 ููุฑ, ููุฌูุฏ 
17,-1,-1, ุณุฑุงู ุณุงุนุช ุฎูุด, Saat-e khosh,3.07,1470,-1,-1,-1,-1,-1,ูุงุฑุณ,-1,5 ููุฑ, ููุฌูุฏ 
18,59490,978-9642522293,ฺฉุชุงุจ ุดุงุฎุต ูุง ูููุฏุงุฑ ุฏุฑ ุจุงุฒุงุฑ ุณุฑูุงู, Shakheshaye Nemoodari,3.18,1860,120,1399,-1,1,0,ูุงุฑุณ,2,8 ููุฑ, ููุฌูุฏ 
19,115076,978-6001176869,ฺฉุชุงุจ ุฏุฑุณ ูุง ุงุฒ ุฒูุฏฺฏ ูุงูฺฉูฺฏ, How to Think Like Stephen Hawking,3.86,42,176,1402,2016,0,0,ูุงุฑุณ,1,5 ููุฑ, ููุฌูุฏ 
20,25277,978-9643691271,ฺฉุชุงุจ ุฌูฺฏ ูุฌุน ุฌูุงู ุงูู, The Frightful First World War,3.75,11,128,1402,1998,0,0,ูุงุฑุณ,17,8 ููุฑ, ููุฌูุฏ 
21,25342,978-6005786002,ฺฉุชุงุจ ุฑุถุงุดุงู ู ุจุฑุชุงูุง, Great Britain and Reza Shah,3.86,1621,540,1399,2011,0,0,ูุงุฑุณ,2,---,  ุชูุงู ุดุฏ ุ ุงูุง ูุงุฑูุด ๐ 
22,14025,978-9644484759,ฺฉุชุงุจ ุญุฑุงูุงู, the reivers,3.79,67,358,1401,1962,0,0,ูุงุฑุณ,5,5 ููุฑ, ููุฌูุฏ 
23,-1,-1, ฺฉุชุงุจ ุตูุช ุจูู ุง ุฎุฑ, Yes or No,3.42,1479,-1,-1,-1,-1,-1,ูุงุฑุณ,-1,---, ุจู ุฒูุฏ  ๐ 
24,58825,978-9646807112,ฺฉุชุงุจ ุฏุฎุชุฑุงู ุฎุทุฑูุงฺฉ, Dangerous Girls,3.22,1111,248,1398,1998,0,0,ูุงุฑุณ,4,5 ููุฑ, ููุฌูุฏ 
25,101356,978-6003556850,ฺฉุชุงุจ ุฑฺู ุบุฐุง ุงูุนุทุงู ูพุฐุฑ, Flexible Dieting,3.4,1335,228,1401,2022,3,0,ูุงุฑุณ,1,6 ููุฑ, ููุฌูุฏ 
25,112151,978-6003557130,ุฑฺู ููุนุทู, Flexible Dieting,3.03,1335,264,1402,2022,3,0,ูุงุฑุณ,1,5 ููุฑ, ููุฌูุฏ 
26,112073,978-6009137879,ฺฉุชุงุจ ฺุณุชุงู ู ูุนูุง, Chistan va Moamma,3.94,3156,112,1398,-1,2,0,ูุงุฑุณ,16,5 ููุฑ, ููุฌูุฏ 
27,41530,978-6006287805,ฺฉุชุงุจ ฺุฑ ูพุฑ ฺฉฺฉ, Cherry the Cake Fairy,3.08,1539,56,1400,2005,0,0,ูุงุฑุณ,3,5 ููุฑ, ููุฌูุฏ 
28,68597,978-9643141813,ฺฉุชุงุจ ุจูุจูุฏ ุจูุฑู ูุฑ ุจุง ุงุฑุฒุงุจ ฺฉุงุฑ ู ุฒูุงู, Work & Tim Study,3.93,1497,294,1391,-1,0,0,ูุงุฑุณ,1,8 ููุฑ, ููุฌูุฏ 
29,32439,978-9642020539,ฺฉุชุงุจ ฺฏุฑุฒ ุงุฒ ฺฏูุงู, Goriz Az Gonah,3.11,2097,160,1395,-1,0,0,ูุงุฑุณ,7,8 ููุฑ, ููุฌูุฏ 
30,22209,978-9642132720,ฺฉุชุงุจ ุชุญุฑุฑ ุงูุงู, Tahrir Ilami,3.6,58,268,1394,-1,0,0,ูุงุฑุณ,1,---, ุจู ุฒูุฏ  ๐ 
31,13329,978-9642912919,ฺฉุชุงุจ ุฎุงุทุฑุงุช ุฎูู ุขุดุงู - ุจุงุฒฺฏุดุช (2), Shadow Souls,3.82,1111,536,1400,2010,0,0,ูุงุฑุณ,7,8 ููุฑ, ููุฌูุฏ 
32,77557,978-6222381110,ฺฉุชุงุจ ุฑุงูููุง Yeni Hitit 1, Yeni Hitit 1 Guide ,3.65,2270,120,1398,-1,1,0,ุชุฑฺฉ,-1,---,  ุชูุงู ุดุฏ ุ ุงูุง ูุงุฑูุด ๐ 
33,45609,978-6003500105,ฺฉุชุงุจ ุฏุงูุดููุฏุงู ู ุขุฒูุงุด ูุง ุญุฑุช ุงูฺฏุฒ ุขู ูุง, Scientists and Their Mind Blowing Experiments,3.15,1478,216,1401,2003,0,0,ูุงุฑุณ,2,5 ููุฑ, ููุฌูุฏ 
34,55620,978-9648228953,ฺฉุชุงุจ ฺฉ ุจุณุชู ู ูพูุฌ ุฒุจุงู, Yek Bastani va Panj Zaban,3.03,1578,48,1388,-1,2,0,ูุงุฑุณ,1,8 ููุฑ, ููุฌูุฏ 
35,115062,978-6006326818,ฺฉุชุงุจ ุฏุฑ ูุณุฑ ุดุงูุฑุงู, On the High Road,3.6,2400,352,1395,2010,3,2,ูุงุฑุณ,1,8 ููุฑ, ููุฌูุฏ 
36,14386,978-9648008111,ฺฉุชุงุจ ฺฉ ุฏุณุชู ูุงูู, A bundle of letters,3.06,1353,52,1397,1879,0,0,ูุงุฑุณ,2,---, ุจู ุฒูุฏ  ๐ 
37,77393,979-0802604834,ฺฉุชุงุจ ูุทุนุงุช ุจุฑุง ฺฏุชุงุฑ ฺฉูุงุณฺฉ ฒ, Classic Guitar,3.07,1856,64,1395,-1,0,0,ูุงุฑุณ,3,8 ููุฑ, ููุฌูุฏ 
37,77497,979-0802604315,ูุทุนุงุช ุจุฑุง ฺฏุชุงุฑ ฺฉูุงุณฺฉ ฑ, Classic Guitar,3.93,1856,64,1391,-1,3,0,ูุงุฑุณ,1,8 ููุฑ, ููุฌูุฏ 
38,35961,978-9643639037,ฺฉุชุงุจ ุดุฑุนุชุุนุฑู ู ุนููุงูุช," Shariat, Orf va Aghlaniat",3.26,69,248,1398,-1,0,0,ูุงุฑุณ,1,5 ููุฑ, ููุฌูุฏ 
39,105356,978-9642135226,ฺฉุชุงุจ ุจุงุฒุฎูุงู ูุงุฑฺฉุณ ุฏุฑ ุนุตุฑ ุณุฑูุงู ุฏุงุฑ ุฏุฌุชุงู, Rereading Marx in the Age of Digital Capitalism,3.99,58,216,1401,2019,0,3,ูุงุฑุณ,2,5 ููุฑ, ููุฌูุฏ 
40,58102,978-6227437553,ฺฉุชุงุจ ุดฺฏูุช ุงูฺฏุฒุชุฑู ูุฏู, Punchinello and the Most Marvelous Gift,,1483,32,1402,2004,4,0,ูุงุฑุณ,5,5 ููุฑ, ููุฌูุฏ 
41,12000,978-9641209546,ฺฉุชุงุจ ุฑุณุงูู ุฏุฑ ุชุงุฑุฎ ุงุฏุงู, Patterns in Comparative Religion,3.68,1470,434,1402,1949,1,0,ูุงุฑุณ,7,5 ููุฑ, ููุฌูุฏ 
42,96673,978-6006467177,ฺฉุชุงุจ ุฑุงูููุง ุบุฐุง ุจุฑุง ููุชุจุงู, Food Guide for Soccer,3.02,1335,160,1391,2009,1,0,ูุงุฑุณ,1,8 ููุฑ, ููุฌูุฏ 
43,97884,978-9644591921,ฺฉุชุงุจ ุณูุฌุด โู ุงูุฏุงุฒูโฺฏุฑ โุฏุฑุนููู โุชุฑุจุช ู ุฑูุงู ุดูุงุณ, Assessment and measurement in education and psychology,3.48,2018,456,1391,-1,0,0,ูุงุฑุณ,5,---,  ุชูุงู ุดุฏ ุ ุงูุง ูุงุฑูุด ๐ 
44,21706,978-6004051750,ฺฉุชุงุจ ุฑุงู ุฌูู, Budha,3.96,31,214,1402,-1,0,0,ูุงุฑุณ,2,5 ููุฑ, ููุฌูุฏ 
45,103421,978-9646895973,ฺฉุชุงุจ ุชุตุฑู ุชูฺฉุงุจู ุจู ุฏุณุช ูุฌุงูุฏุงู ูุงุฒูุฏุฑุงู, Tasarofe Tonekabon,3.03,1131,144,1392,-1,0,0,ูุงุฑุณ,1,---, ุจู ุฒูุฏ  ๐ 
46,47876,978-6008209997,ฺฉุชุงุจ ุฏูุฏูุงู ุจููุท, oak dynasty,3.19,1277,732,1400,2021,2,0,ูุงุฑุณ,6,8 ููุฑ, ููุฌูุฏ 
47,120784,978-6009793228,ฺฉุชุงุจ ููุฑุณุช ุฏุณุชููุณ ูุง ููุงุด ูุฐูุจ ุงุฑุงู ุฏุฑ ฺฉุชุงุจุฎุงูู ูุงุชฺฉุงู, Biblioteca apostolica vaticana,3.63,1913,588,1396,-1,1,2,ูุงุฑุณ,1,8 ููุฑ, ููุฌูุฏ 
48,9874,9786005140545,ฺฉุชุงุจ ุญุตุงุฑูุง, Fences,3.39,85,108,1392,1986,0,0,ูุงุฑุณ,1,---,  ุชูุงู ุดุฏ ุ ุงูุง ูุงุฑูุด ๐ 
49,35814,978-6008291824,ฺฉุชุงุจ ฺฏุฐุดุชู  ุงุจุฑ, Persian poetry,3.89,1595,86,1399,-1,0,0,ูุงุฑุณ,1,---,  ุชูุงู ุดุฏ ุ ุงูุง ูุงุฑูุด ๐ 
50,76217,978-9644891182,ฺฉุชุงุจ ุชุงุฑุฎ ุงูุฏุดู ููุณู ุฏุฑ ุบุฑุจ, A History Of Western Thought,3.77,1472,839,1401,2001,0,4,ูุงุฑุณ,2,5 ููุฑ, ููุฌูุฏ 
51,42852,978-6002740540,ฺฉุชุงุจ ฺฉูุฏ ุชุฑ ุฏ ูฺฉุณ, 3D MAX,3.18,1479,120,1395,-1,0,0,ูุงุฑุณ,1,8 ููุฑ, ููุฌูุฏ 
52,39609,978-6222462208,ฺฉุชุงุจ ุชูุฎ ู ุดุฑู, Talkh va Shirin,3.99,9,306,1401,-1,0,0,ูุงุฑุณ,6,5 ููุฑ, ููุฌูุฏ 
53,47135,978-6226462693,ฺฉุชุงุจ ฺฉุณ ูุซู ฺฉุณ ูุณุช, Kasi Mesl-e Kasi Nist,3.8,1837,420,1400,-1,0,0,ูุงุฑุณ,1,8 ููุฑ, ููุฌูุฏ 
54,110423,978-6004412711,ฺฉุชุงุจ ูพุฑูุงูฺฏุงู ุดูุน ุฌูุน - ุฌูุฏ ุงูู, Parvanegan-e Sham'e Jam',3.45,1873,259,1400,-1,0,0,ูุงุฑุณ,1,---,  ุชูุงู ุดุฏ ุ ุงูุง ูุงุฑูุด ๐ 
55,65401,978-6227786309,ฺฉุชุงุจ ุดุงูุฑุงู ุจุงุบ ุฌุงู ูุง, Shahrah-e Sabz-e-Jan ha,3.62,1813,156,1400,-1,0,0,ูุงุฑุณ,1,8 ููุฑ, ููุฌูุฏ 
55,24730,978-2000798026,ุดุงูุฑุงู ุณุจุฒ ุนุดู, Shahrah-e Sabz-e Eshgh,3.59,1813,248,1398,-1,0,0,ูุงุฑุณ,1,---,  ุชูุงู ุดุฏ ุ ุงูุง ูุงุฑูุด ๐ 
56,100800,978-6007446102,ฺฉุชุงุจ ุชุนุงุฏู ุนููู ฺฉุงุฑุจุฑุฏ, Applied General Equilibrium,3.32,2311,196,1395,2012,0,0,ูุงุฑุณ,1,8 ููุฑ, ููุฌูุฏ 
57,9166,978-9643291921,ฺฉุชุงุจ ุฑูุญ ุฑูุดูฺฏุฑ, The spirit of the lights,3.76,18,144,1387,2006,0,0,ูุงุฑุณ,1,---,  ุชูุงู ุดุฏ ุ ุงูุง ูุงุฑูุด ๐ 
58,63869,978-6222741693,ฺฉุชุงุจ ุฒูุฏุงู ุฒูุงู, Running Out of Time,3.03,28,196,1402,1995,0,0,ูุงุฑุณ,3,8 ููุฑ, ููุฌูุฏ 
59,56525,978-9645676597,ฺฉุชุงุจ ุฏุฑ ุฌุณุชุฌู ุจุณฺฏุช, Seeking the Multiverse,3.68,55,192,1392,2013,0,0,ูุงุฑุณ,1,---,  ุชูุงู ุดุฏ ุ ุงูุง ูุงุฑูุด ๐ 
60,25266,978-9643692384,ฺฉุชุงุจ ูฺฉุฑูุง ุจฺฉุฑ ฺฉุช, Kitty's Big Ideas,3.19,11,132,1400,2002,5,0,ูุงุฑุณ,14,8 ููุฑ, ููุฌูุฏ 
61,51907,978-6222019297,ฺฉุชุงุจ ุฑุฏู ุจูุฏ 400, La cote 400,3.49,87,76,1400,2010,0,0,ูุงุฑุณ,1,5 ููุฑ, ููุฌูุฏ 
62,95405,978-6227393194,ฺฉุชุงุจ ุงุฏฺฏุฑ ุนูู ุจุง MATLAB, MATLAB Deep Learning,3.89,3097,142,1399,2017,0,0,ูุงุฑุณ,1,8 ููุฑ, ููุฌูุฏ 
63,93513,978-2000523758,ฺฉุชุงุจ ูุฑุงุฑ ุนุงููุงูู, Farar Aaghelane,,1195,32,1394,-1,3,0,ูุงุฑุณ,2,5 ููุฑ, ููุฌูุฏ 
64,82032,978-6006860947,ฺฉุชุงุจ ุฏูุง ุจุง ุฑูฺฏ ูุดูฺฏู 1, Donya ba Rang Ghashange,3.61,1612,12,1401,-1,4,0,ูุงุฑุณ,2,8 ููุฑ, ููุฌูุฏ 
65,16610,978-6005639919,ฺฉุชุงุจ ุฎูุงุจ ูุงุช ุฑุง ุฏุฑ ุงู ุฎุงูู ุชุนุฑู ูฺฉู ูุญููุฏ, Don't define your dreams in this house Mahmoud,3.6,1378,112,1397,-1,0,0,ูุงุฑุณ,1,5 ููุฑ, ููุฌูุฏ 
66,67621,978-9648654165,ฺฉุชุงุจ ุดูู ฺฏู ูุฑฺฏุณ, Shamim-e Gol-e Narges,3.47,2097,160,1400,-1,0,0,ูุงุฑุณ,9,8 ููุฑ, ููุฌูุฏ 
67,48714,978-6001302442,ฺฉุชุงุจ ฺฉุงุฑูพู ุงุฒ ุฒุจุงู ฺฉุงุฑูพู, Karpov on Karpov,3.21,1312,208,1402,1991,0,0,ูุงุฑุณ,2,5 ููุฑ, ููุฌูุฏ 
68,53591,978-9643065966,ฺฉุชุงุจ ููุฑ ู ุณุงู ุฏุฑ ุทุฑุงุญ ุงุฒ ฺูุฑู (ุฌูุฏ 6), Light and Shadow in Portrait Drawing,3.86,2040,80,1397,-1,3,0,ูุงุฑุณ,1,6 ููุฑ, ููุฌูุฏ 
69,65092,978-6229647554,ฺฉุชุงุจ ุดุฑู ูู ุดุฑู, Shirin Man Shirin,3.1,2759,237,1399,-1,0,0,ูุงุฑุณ,1,---,  ุชูุงู ุดุฏ ุ ุงูุง ูุงุฑูุด ๐ 
70,10752,9786002294043,ฺฉุชุงุจ ุงู ุฌุง, here,4.25,33,70,1398,2009,0,0,ูุงุฑุณ,3,---, ุจู ุฒูุฏ  ๐ 
71,54804,978-9646181915,ฺฉุชุงุจ ุจุงุฒุณุงุฒ ุฒูุฏฺฏ ูพุณ ุงุฒ ุทูุงู, Rebuilding,3.61,1360,246,1400,1981,0,0,ูุงุฑุณ,37,6 ููุฑ, ููุฌูุฏ 
71,54964,978-9642785490,ฺฏุฒุฏู ุง ุงุฒ ุจุงุฒุณุงุฒ ุฒูุฏฺฏ ูพุณ ุงุฒ ุทูุงู, Rebuilding,3.07,1360,72,1391,1981,5,0,ูุงุฑุณ,1,8 ููุฑ, ููุฌูุฏ 
71,72639,978-6002009746,ุจุงุฒุณุงุฒ ุฒูุฏฺฏ, Rebuilding,3.3,1362,392,1400,1981,0,0,ูุงุฑุณ,2,---, ุจู ุฒูุฏ  ๐ 
72,31044,978-9642354573,ฺฉุชุงุจ ูพูุฌุงู ุฏุงุณุชุงูฺฉ ุขููุฒุด ู ุงูฺฏุฒุด, Fifty stories,3.51,2091,140,1399,-1,0,0,ูุงุฑุณ,1,---,  ุชูุงู ุดุฏ ุ ุงูุง ูุงุฑูุด ๐ 
73,91979,978-6226535298,ฺฉุชุงุจ ุดูุงุฎุช ููู ูุง 1, Miveha,3.25,1597,12,1400,-1,4,0,ูุงุฑุณ,1,8 ููุฑ, ููุฌูุฏ 
73,91983,978-6226535304,ุดูุงุฎุช ููู ูุง 2, Miveha,3.24,1597,12,1400,-1,4,0,ูุงุฑุณ,1,8 ููุฑ, ููุฌูุฏ 
74,58802,978-6227501025,ฺฉุชุงุจ ููุงุดูุงูู ุงู ุฌุง ฺฏูุงุชูุงูุงุณุช, Guatemala,3.85,1833,52,1400,-1,5,0,ูุงุฑุณ,1,8 ููุฑ, ููุฌูุฏ 
75,121973,978-6006231624,ฺฉุชุงุจ ุญุงุช ู ููุณ, Hayat va Nafs,3.12,4451,281,1399,-1,0,0,ูุงุฑุณ,1,---,  ุชูุงู ุดุฏ ุ ุงูุง ูุงุฑูุด ๐ 
76,53873,978-6226530040,ฺฉุชุงุจ ููุฑ ุชุงู ุงุณุชุงูู, The Total Art of Stalinism,3.34,1337,156,1400,1988,0,0,ูุงุฑุณ,1,8 ููุฑ, ููุฌูุฏ 
77,38799,978-6008460268,ฺฉุชุงุจ ูุงูฺฏ ุดูุช, Long shot,3.57,1375,116,1397,-1,0,0,ูุงุฑุณ,1,6 ููุฑ, ููุฌูุฏ 
78,120918,978-6004139342,ฺฉุชุงุจ ุจุง ูู ุจุฎูุงู : ฺฉุชุงุจ, Read with me: Book,3.45,1326,16,1402,-1,3,0,ูุงุฑุณ,1,5 ููุฑ, ููุฌูุฏ 
79,61049,978-9644015939,ฺฉุชุงุจ ุงูุฑูุฒ ููุฑุชุ ูุฑุฏุง ุณูพุงุณ," Hate Me Now, Thank Me Later",3.78,1258,274,1400,2014,0,0,ูุงุฑุณ,1,8 ููุฑ, ููุฌูุฏ 
80,13754,978-9647390828,ฺฉุชุงุจ ุฑูุงูุดูุงุณ ูุฑูุด, The psychology of selling,3.99,1233,256,1401,2005,0,0,ูุงุฑุณ,22,5 ููุฑ, ููุฌูุฏ 
80,82579,978-6006774305,ุฑูุงูุดูุงุณ ูุฑูุด, The Psychology of Selling,3.88,1910,278,1401,2005,0,0,ูุงุฑุณ,1,5 ููุฑ, ููุฌูุฏ 
80,103252,978-9647727899,ุฑูุงู ุดูุงุณ ูุฑูุด,  The Psychology Of Selling,3.47,1361,286,1401,2004,0,0,ูุงุฑุณ,3,---,  ุชูุงู ุดุฏ ุ ุงูุง ูุงุฑูุด ๐ 
81,112043,978-9640235485,ฺฉุชุงุจ ฺฉูุงุบ ฺฏุฑุณูู, Hungry Crow,3.98,1392,36,1401,-1,3,0,ูุงุฑุณ,1,5 ููุฑ, ููุฌูุฏ 
82,20710,978-6226310628,ฺฉุชุงุจ ฺูุฑู ุงู ุฑุง ูพุดุช ุฏุฑ ู ุขูุฎุชู, Tunisian Poetry,3.75,1308,183,1398,-1,0,0,ูุงุฑุณ,1,8 ููุฑ, ููุฌูุฏ 
83,25290,978-9646207882,ฺฉุชุงุจ ฺุดู ูุง ุณูฺฏ (ุฏูุฑู  2 ุฌูุฏ), Stone Eyes,3.68,38,1166,1396,2017,0,4,ูุงุฑุณ,1,5 ููุฑ, ููุฌูุฏ 
84,86204,978-6227006919,ฺฉุชุงุจ ุญุถุฑุช ุจุงุฑุงู, Baran,3.24,2719,88,1399,-1,5,0,ูุงุฑุณ,1,8 ููุฑ, ููุฌูุฏ 
85,45096,978-9643497637,ฺฉุชุงุจ ููุงุจูู ุจุง ุจุญุฑุงู ูุงูุณุงู, Coping with a Mid-Life Crisis,3.23,30,204,1389,2005,0,0,ูุงุฑุณ,1,8 ููุฑ, ููุฌูุฏ 
86,44894,978-6002501677,ฺฉุชุงุจ ุชูุงูุจุฎุด ุงุณฺฉุฒููุฑู, Family Work For Schizophrenia,3.77,1332,256,1396,1992,0,0,ูุงุฑุณ,1,8 ููุฑ, ููุฌูุฏ 
87,12625,978-600-152-038-9,ฺฉุชุงุจ ูพู ฺฏูฺฏู, Paul Gauguin,3.17,1786,48,1395,2003,3,0,ูุงุฑุณ,1,---, ุจู ุฒูุฏ  ๐ 
88,19083,978-6226441063,ฺฉุชุงุจ ููุงูุงุช ุณุนุฏ ููุณ 1, Articles by Saeed Nafisi,3.96,1330,437,1397,-1,1,4,ูุงุฑุณ,2,---, ุจู ุฒูุฏ  ๐ 
88,19085,978-6005942672,ููุงูุงุช ุณุนุฏ ููุณ 3, Articles by Saeed Nafisi,3.01,1330,898,1397,-1,1,4,ูุงุฑุณ,2,---,  ุชูุงู ุดุฏ ุ ุงูุง ูุงุฑูุด ๐ 
88,19084,978-6005942095,ููุงูุงุช ุณุนุฏ ููุณ 2, Articles by Saeed Nafisi,3.81,1330,1056,1397,-1,1,4,ูุงุฑุณ,2,---, ุจู ุฒูุฏ  ๐ 
89,38114,978-9641652021,ฺฉุชุงุจ ูุฑููฺฏ ุฏุงุฑู, Medicinal Dictionary,3.22,1129,840,1399,-1,0,2,ูุงุฑุณ ู ุงูฺฏูุณ,1,---,  ุชูุงู ุดุฏ ุ ุงูุง ูุงุฑูุด ๐ 
90,113135,978-6222673864,ฺฉุชุงุจ ุชูุงู ุนูู : ุขุฑูุช ุจุง ุฏููุฒ ู ฺฏูุงุชุฑ," Limit, Collectivity, and the Capacity to Act",3.5,62,230,1402,2014,0,0,ูุงุฑุณ,1,5 ููุฑ, ููุฌูุฏ 
91,103181,978-6227089202,ฺฉุชุงุจ ูุฑููฺฏ ุณุงุฎุชู ูุฑููฺฏ, What You Do Is Who You Are,3.2,1194,288,1402,2019,0,0,ูุงุฑุณ,3,5 ููุฑ, ููุฌูุฏ 
92,28215,978-6009996155,ฺฉุชุงุจ ุชูฺฉุฑ ููุงุฏุงูู ุจุฑุง ฺฉูุฏฺฉุงู, Critical Thinking Across the Curriculum,3.61,1614,232,1402,2010,0,0,ูุงุฑุณ,5,5 ููุฑ, ููุฌูุฏ 
92,55300,978-6229748947,ฺฺฏููู ุจู ฺฉูุฏฺฉุงู ุงูุฏุดุฏู ุจุงููุฒู, Critical Thinking Across the Curriculum,3.72,1937,168,1400,2010,0,0,ูุงุฑุณ,1,6 ููุฑ, ููุฌูุฏ 
92,70486,978-9640370056,ุชูฺฉุฑ ุงูุชูุงุฏ ุฏุฑ ุจุฑูุงูู ุฏุฑุณ, Critical Thinking Across the Curriculum,3.12,1967,154,1396,2010,1,0,ูุงุฑุณ,2,---,  ุชูุงู ุดุฏ ุ ุงูุง ูุงุฑูุด ๐ 
93,104322,978-6005138917,ฺฉุชุงุจ ุงูุฏุดู ูุง ุดุงู ูุนูุช ุงููู ูู, Shah Nimatullah Wali,3.66,1391,340,1392,-1,4,0,ูุงุฑุณ,1,8 ููุฑ, ููุฌูุฏ 
94,64191,978-6227592146,ฺฉุชุงุจ ุดูู ุจุงุฒุงุฑุงุจ ูุญุชูุง ฺฉ ุตูุญู ุง, The One-Page Content Marketing Blueprint,3.42,1630,260,1400,2019,0,0,ูุงุฑุณ,1,---,  ุชูุงู ุดุฏ ุ ุงูุง ูุงุฑูุด ๐ 
95,-1,-1, ฺฉุชุงุจ ุตูุช 50 ุจุงุฏ ู ูุจุงุฏ ุฏุฑ ุฒูุฏฺฏ ุฒูุงุดู, 50 Bayad va Nabayad,3.54,2368,-1,-1,-1,-1,-1,ูุงุฑุณ,-1,5 ููุฑ, ููุฌูุฏ 
96,16402,978-9642249930,ฺฉุชุงุจ ูฺฉุงูฺฉ ฺฉูุงูุชูู, Quantum Mechanics,3.21,9,84,1398,2017,0,0,ูุงุฑุณ,4,5 ููุฑ, ููุฌูุฏ 
97,101751,978-6226374446,ฺฉุชุงุจ ุฑูุง ู ุฑูุง, Dream and dream,3.92,1210,305,1401,-1,0,0,ูุงุฑุณ,1,5 ููุฑ, ููุฌูุฏ 
98,89058,978-9648021974,ฺฉุชุงุจ ููุฑ ุชุฒุฆู ุดุฑู ู ุดฺฉูุงุช, Decoration,3.32,1336,60,1390,-1,4,0,ูุงุฑุณ,2,8 ููุฑ, ููุฌูุฏ 
99,56872,978-9644012259,ฺฉุชุงุจ ููุณูู ูุนุงุตุฑ, Contemporary Philosophy,3.24,1258,352,1392,1956,1,0,ูุงุฑุณ,3,5 ููุฑ, ููุฌูุฏ 
100,1806,978-600-490-067-6,ฺฉุชุงุจ ุฒูุฏฺฏ 3.0, Life 3.0: Being Human in the Age of Artificial Intelligence,4.1,47,547,1401,2017,0,2,ูุงุฑุณ,8,5 ููุฑ, ููุฌูุฏ 
100,99202,978-6222463786,ุฒูุฏฺฏ 3/0, Life 3.0 : being human in the age of artificial intelligence,3.35,9,536,1401,2017,0,0,ูุงุฑุณ,1,6 ููุฑ, ููุฌูุฏ 
100,22086,978-6006043876,ุญุงุช ณ, Life 3.0: Being Human in the Age of Artificial Intelligence,3.73,55,384,1397,2017,0,0,ูุงุฑุณ,1,---, ุจู ุฒูุฏ  ๐ 
101,10985,978-6008968177,ฺฉุชุงุจ ุญุงูุธู ุฎุงุทุฑุงุช ูุง, Great House,3.47,1282,346,1398,2010,0,0,ูุงุฑุณ,1,5 ููุฑ, ููุฌูุฏ 
102,108433,978-9641935575,ฺฉุชุงุจ ููู ุณุจุฒ, Vahm-e sabz,3.41,1781,923,1401,-1,0,0,ูุงุฑุณ,1,8 ููุฑ, ููุฌูุฏ 
103,113424,978-6007602218,ฺฉุชุงุจ ุฏูุงู ุฑูุฏฺฉ, Collected Poems,3.15,2469,394,1394,-1,1,2,ูุงุฑุณ,-1,5 ููุฑ, ููุฌูุฏ 
103,6580,9789646207196,ุฏูุงู ุฑูุฏฺฉ, Collected Poems,3.07,38,304,1395,2016,1,4,ูุงุฑุณ,3,---,  ุชูุงู ุดุฏ ุ ุงูุง ูุงุฑูุด ๐ 
103,6581,9782000428954,ุฏูุงู ุฑูุฏฺฉ, Collected Poems,3.56,72,160,1391,2012,1,4,ูุงุฑุณ,1,---,  ุชูุงู ุดุฏ ุ ุงูุง ูุงุฑูุด ๐ 
103,6582,9789642708895,ุฏูุงู ุฑูุฏฺฉ, Collected Poems,3.31,2341,120,1393,2014,1,4,ูุงุฑุณ,1,---,  ุชูุงู ุดุฏ ุ ุงูุง ูุงุฑูุด ๐ 
103,54330,978-9643154257,ุฏูุงู ุฑูุฏฺฉ, Collected Poems,3.01,79,127,1383,-1,1,0,ูุงุฑุณ,2,---,  ุชูุงู ุดุฏ ุ ุงูุง ูุงุฑูุด ๐ 
104,62339,978-9645616289,ฺฉุชุงุจ ฺฏุฒุฏู ุนูู ุงุฎูุงู ุงุณูุงู, Akhlaghe Eslami,3.35,1253,454,1400,-1,1,1,ูุงุฑุณ,3,5 ููุฑ, ููุฌูุฏ 
105,114248,978-9642925957,ฺฉุชุงุจ ูุชุฏ ุฒูุฏฺฏ ุณููุง, Silva life method,3.59,2469,144,1393,-1,0,0,ูุงุฑุณ,1,8 ููุฑ, ููุฌูุฏ 
106,12646,9789644429422,ฺฉุชุงุจ ุฏูุง ุขูุง, Anna's world,3.26,12,208,1396,2013,0,0,ูุงุฑุณ,2,---, ุจู ุฒูุฏ  ๐ 
107,25496,978-9641855453,ฺฉุชุงุจ ุจุฑูุงูู ุฑุฒ ุฏุฑ ุงุฑุงู (1356-1316), Planning in Iran,3.7,66,306,1400,-1,0,0,ูุงุฑุณ,8,5 ููุฑ, ููุฌูุฏ 
108,30350,978-6226829328,ฺฉุชุงุจ ุดุฑุจุช ูููุ ุฏูุง ุขุดูุชูุ ฺฉูุฏฺฉ ูุซุจุช ฺฏุฑุง, Making Lemonade,3.63,1201,222,1399,2019,0,0,ูุงุฑุณ,1,---, ุจู ุฒูุฏ  ๐ 
109,68540,978-9643142780,ฺฉุชุงุจ ุญูู ู ููู, Transportation,3.7,1497,120,1391,-1,0,0,ูุงุฑุณ,1,8 ููุฑ, ููุฌูุฏ 
110,97089,978-6227141818,ฺฉุชุงุจ ุงุฒูุง ุงุณุช, Azhay Ast,3.84,2908,70,1400,-1,0,0,ูุงุฑุณ,1,8 ููุฑ, ููุฌูุฏ 
111,75043,978-9648090338,ฺฉุชุงุจ ูุณุญุช, Christianity,3.09,1971,205,1389,-1,0,0,ูุงุฑุณ,3,5 ููุฑ, ููุฌูุฏ 
112,73212,978-9643177409,ฺฉุชุงุจ ุฌููุฑู ูุฏุฑุช, Leadership Gold,3.29,1721,368,1397,2008,0,0,ูุงุฑุณ,5,5 ููุฑ, ููุฌูุฏ 
113,87974,978-9648161793,ฺฉุชุงุจ ููุฏุณ ู ุนุฑู, Sacred and secular,3.06,1438,484,1396,2004,0,0,ูุงุฑุณ,3,8 ููุฑ, ููุฌูุฏ 
114,43193,978-6004040419,ฺฉุชุงุจ ุงูุณุงู ุดุดู ุง, Ensan-e Shisheie,3.79,25,128,1395,-1,0,0,ูุงุฑุณ,1,---,  ุชูุงู ุดุฏ ุ ุงูุง ูุงุฑูุด ๐ 
115,95348,978-9644572920,ฺฉุชุงุจ ุฌุบุฑุงูุง ูุฑู ุจุณุช ู ฺฉู, La geฬographie du XXIe sieฬcle,3.44,2396,258,1394,2003,1,0,ูุงุฑุณ,1,5 ููุฑ, ููุฌูุฏ 
116,4645,978-9643114503,ฺฉุชุงุจ ุขุซุงุฑ ฺฉูุงุณฺฉ ููุณูู, Philosophy: The Classics,3.86,48,320,1401,1998,0,0,ูุงุฑุณ,10,5 ููุฑ, ููุฌูุฏ 
117,6220,9786005957594,ฺฉุชุงุจ ูุฒุฌ ูุซูู ุงุฎุฑุจ ูฺฉููู ูุฌุจูุจ, Exclusive Rubaiyat,3.16,1492,192,1398,-1,2,0,ูุงุฑุณ,2,5 ููุฑ, ููุฌูุฏ 
118,1459,978-964-328-843-3,ฺฉุชุงุจ ุจุนุฏ ุงุฒ ุณูุงู ฺู ู ฺฏูุฏ, What do you say after you say hello,4.08,1136,-1,1400,1969,0,0,ูุงุฑุณ,6,5 ููุฑ, ููุฌูุฏ 
119,16340,978-9642763900,ฺฉุชุงุจ ุงุนุฌูุจู ุง ุฏุฑ ฺู ูุง ุดูุง, The Genie in Your Genes,3.07,24,413,1398,2007,0,0,ูุงุฑุณ,3,---, ุจู ุฒูุฏ  ๐ 
120,6795,9786001741753,ฺฉุชุงุจ ุนุงุดูุงูู ูุง, Romance,3.78,1231,400,1401,2015,0,2,ูุงุฑุณ,4,8 ููุฑ, ููุฌูุฏ 
121,19400,978-9643058227,ฺฉุชุงุจ ุณุงุฑุชุฑ ฺฉู ู ููุดุช, Sartre qui ecrivait,3.1,58,642,1400,-1,0,0,ูุงุฑุณ,7,5 ููุฑ, ููุฌูุฏ 
122,61804,978-9645023889,ฺฉุชุงุจ ุขููุฒุด ุฑูฺฏ ูุง, Colors,3.92,1331,16,1401,-1,4,0,ูุงุฑุณ,6,8 ููุฑ, ููุฌูุฏ 
123,108907,978-6000111014,ฺฉุชุงุจ ฺฉุงุฑฺฏุงู ุฏุงุณุชุงู ููุณ, Story writing workshop for children young adults,3.29,1256,260,1402,-1,4,0,ูุงุฑุณ,1,5 ููุฑ, ููุฌูุฏ 
124,90054,978-9647348867,ฺฉุชุงุจ ฺฉูุง ุฑุญูุงู, Kimiyaye Rahmani,3.21,1644,147,1398,-1,0,0,ูุงุฑุณ,1,---,  ุชูุงู ุดุฏ ุ ุงูุง ูุงุฑูุด ๐ 
125,17229,978-9641652052,ฺฉุชุงุจ ุดูู ุฏูุจุฑ ู ูุชุฑู ุขุดูุจ, Sweetheart,3.63,1129,184,1398,-1,0,0,ูุงุฑุณ,2,5 ููุฑ, ููุฌูุฏ 
126,42034,978-6229999660,ฺฉุชุงุจ ุดุงูุฒุงุฏู ูพุงูพ ุงูุฏ ูุงุฑููู, Andy Warhol: Phaidon Focus,3.88,1786,183,1399,2013,0,0,ูุงุฑุณ,1,6 ููุฑ, ููุฌูุฏ 
127,112929,978-9642925643,ฺฉุชุงุจ ุขูฺู ุจุงุฏ ุฏุฑุจุงุฑู ุชุฑุจุช ฺฉูุฏฺฉุงู ู ููุฌูุงูุงู ุจุฏุงูู, Tarbiyat,3.95,2469,236,1393,-1,0,0,ูุงุฑุณ,1,8 ููุฑ, ููุฌูุฏ 
128,5558,978-9646538061,ฺฉุชุงุจ ูุฑููู ูุงุจุบู ูุง, Psychology of success,3.69,1196,200,1401,1989,0,0,ูุงุฑุณ,17,8 ููุฑ, ููุฌูุฏ 
129,119965,978-9646716223,ฺฉุชุงุจ ฺฉุดุช ฺฉูฺููู, Little ship,3.94,1318,16,1398,-1,4,0,ูุงุฑุณ,4,8 ููุฑ, ููุฌูุฏ 
130,61971,978-6005218367,ฺฉุชุงุจ ูพูพุฑ ู ฺฏู ูุง ฺฉุงุบุฐ, Papar,3.75,10,120,1390,-1,0,0,ูุงุฑุณ,1,8 ููุฑ, ููุฌูุฏ 
131,96864,978-9641919377,ฺฉุชุงุจ ูฺฉุฑ ู ฺฉูู ุชู ุฑุง ูุฑุงููุด ฺฉุฑุฏู ุงู, I think I have forgotten you,3.7,59,120,1401,-1,0,0,ูุงุฑุณ,1,6 ููุฑ, ููุฌูุฏ 
132,38636,978-6004970921,ฺฉุชุงุจ ุดุจฺฉู ูุง ฺฉุณุจ ู ฺฉุงุฑ, Business Networks,3.29,1217,313,1402,2006,0,0,ูุงุฑุณ,2,5 ููุฑ, ููุฌูุฏ 
133,45249,978-6007030011,ฺฉุชุงุจ ฺฉุชุงุจ ฺฉูฺฺฉ ูุตุงุญุจู, The Concise Book on Interviews,3.93,1587,173,1392,-1,0,0,ูุงุฑุณ,1,---,  ุชูุงู ุดุฏ ุ ุงูุง ูุงุฑูุด ๐ 
134,58217,978-6222462864,ฺฉุชุงุจ ุฏุฑ ุฎุงูู ููุณุงู ูุง, Qafqaz xatirษlษri,3.99,9,118,1400,2018,0,0,ูุงุฑุณ,1,6 ููุฑ, ููุฌูุฏ 
135,48519,978-9645307545,ฺฉุชุงุจ ูุฑูุฑ ุจุฑ ุชุงุฑุฎ ููุงุด ูุนุงุตุฑ ุบุฑุจ, Contemporary Western Painting,3.79,2018,234,1391,-1,0,0,ูุงุฑุณ,1,---, ุจู ุฒูุฏ  ๐ 
136,44964,978-6005510980,ฺฉุชุงุจ 100 ูพุฑุณุด ู ูพุงุณุฎ ุฏุฑุจุงุฑู ููุต ุชูุฌู/ุจุด ูุนุงู ุจุฒุฑฺฏุณุงู, 100 Questions & Answers about Adult Attention-Deficit/Hyperactivity Disorder,3.68,1332,232,1399,2008,0,0,ูุงุฑุณ,1,5 ููุฑ, ููุฌูุฏ 
137,25702,978-6007484197,ฺฉุชุงุจ ูุตู ูุง ูพูุฏ ุขููุฒ ฺฉูู, Persian Stories,3.59,1955,869,1396,-1,0,2,ูุงุฑุณ,1,---,  ุชูุงู ุดุฏ ุ ุงูุง ูุงุฑูุด ๐ 
138,77387,979-0802628045,ฺฉุชุงุจ ุจุฑุฑุณ ู ุชุญูู ุชฺฉูฺฉ ูุง ฺฏุชุงุฑ ฺฉูุงุณฺฉ, Classical Guitar Techniques,3.77,1856,264,1395,-1,0,0,ูุงุฑุณ,1,5 ููุฑ, ููุฌูุฏ 
139,836,978-964-170-273-3,ฺฉุชุงุจ ุญุถูุฑ, Presence,3.95,1195,144,1396,2015,0,0,ูุงุฑุณ,1,5 ููุฑ, ููุฌูุฏ 
139,104687,978-6226650632,ุญุถูุฑ, Presence,3.5,1246,305,1401,2015,0,0,ูุงุฑุณ,1,5 ููุฑ, ููุฌูุฏ 
140,25293,978-9647703024,ฺฉุชุงุจ ูุงุฌุฑุงูุง ูููู ุฒุฑูฺฏ, 19 Fables de singes,3.6,54,96,1393,1999,0,0,ูุงุฑุณ,7,8 ููุฑ, ููุฌูุฏ 
140,25291,978-9647703017,ูุงุฌุฑุงูุง ฺฏุฑฺฏ ุดุฑูุฑ, 19 fables du mechant Loup,3.35,54,96,1393,2013,0,0,ูุงุฑุณ,7,8 ููุฑ, ููุฌูุฏ 
140,25294,978-2000264781,ูุงุฌุฑุงูุง ุฎุฑฺฏูุด ูพุฑ, The Adventures of Brer Rabbit,3.89,54,56,1393,1980,0,0,ูุงุฑุณ,5,8 ููุฑ, ููุฌูุฏ 
140,35100,978-9644301148,ฺฉุชุงุจ ููุงุฒ ฺุณุชุ, What is prayer?,3.14,1981,52,1390,-1,0,0,ูุงุฑุณ,32,---,  ุชูุงู ุดุฏ ุ ุงูุง ูุงุฑูุด ๐ 
141,-1,-1, ุขูุจูู ููุณู ุฒุจฺฏูู ูพุฑุงุฒูุฑ, Zbigniew Preisner,3.2,2841,-1,-1,-1,-1,-1,ูุงุฑุณ,-1,8 ููุฑ, ููุฌูุฏ 
142,28379,978-9644483943,ฺฉุชุงุจ ููู ููุน ุชุนูุฑุงุช ุฏูุงุบ ูพุฐุฑูุชู ู ุดูุฏ, Humorous Story Collection,3.4,67,203,1387,-1,0,0,ูุงุฑุณ,1,5 ููุฑ, ููุฌูุฏ 
143,88768,978-6226630986,ฺฉุชุงุจ ููุช ฺฉูุฆูุชููู ู ูพุงูุตุฏ ฺฉูุงุฏุฑููู ุฏุงูู  ุดู ุฑู ุณุงุฑู  ุฒูู," Seven Quintillion, Five Hundred Quadrillion Grains of Sand on Planet Earth",3.07,1239,32,1401,2015,3,0,ูุงุฑุณ,1,8 ููุฑ, ููุฌูุฏ 
144,47448,978-6002522054,ฺฉุชุงุจ ุดฺฉู ูุง ููุฏุณ, Geometric shapes,3.72,2448,32,1400,-1,3,0,ูุงุฑุณ,7,6 ููุฑ, ููุฌูุฏ 
145,68118,978-6002651020,ฺฉุชุงุจ ูุฑฺฏ ูุงุฏุฑ / ุฌูุงู, Marg-e Madar,3.86,1152,72,1396,-1,5,0,ูุงุฑุณ,1,5 ููุฑ, ููุฌูุฏ 
146,27248,978-2000763369,ฺฉุชุงุจ ุฒูุฏฺฏ ุนูู ูู, An Autobiographical Study,3.59,1834,184,1400,1926,0,0,ูุงุฑุณ,4,---, ุจู ุฒูุฏ  ๐ 
147,14898,978-6003764187,ฺฉุชุงุจ ุณูุฏุจุฑู ุจุงุฏ ุจูุฑุฏ, Snow White Must Die,3.76,62,608,1398,2010,0,0,ูุงุฑุณ,1,5 ููุฑ, ููุฌูุฏ 
147,21642,978-6004055123,ุณูุฏุจุฑู ุจุงุฏ ุจูุฑุฏ, Snow White Must Die,3.88,31,564,1398,2010,0,0,ูุงุฑุณ,1,---,  ุชูุงู ุดุฏ ุ ุงูุง ูุงุฑูุด ๐ 
148,31294,978-9648680133,ฺฉุชุงุจ ุฌูฺฏ ูุฑู 2, Soft War,3.94,2099,304,1388,-1,1,0,ูุงุฑุณ,6,---,  ุชูุงู ุดุฏ ุ ุงูุง ูุงุฑูุด ๐ 
149,39815,978-9643341220,ฺฉุชุงุจ ุฑุงู ุฑูุชู ูุฑุฏ ูุฑุฏู, Walking of Dead Man,3.01,40,48,1381,-1,4,0,ูุงุฑุณ,1,8 ููุฑ, ููุฌูุฏ 
150,99437,978-6002145253,ฺฉุชุงุจ ูพุณุงุงุณุชุนูุงุฑ ู ูุธู ุฌูุงู, Nazme Kahani,3.36,2070,134,1395,-1,1,0,ูุงุฑุณ,1,---,  ุชูุงู ุดุฏ ุ ุงูุง ูุงุฑูุด ๐ 
151,37247,978-6002519429,ฺฉุชุงุจ ุญูุงูุงุช ุฌูฺฏู, Forest animals,3.59,1108,14,1398,-1,4,4,ูุงุฑุณ,5,8 ููุฑ, ููุฌูุฏ 
152,95972,978-6005563566,ฺฉุชุงุจ ุฑุณุงูู ุฏุฑ ุทูุงุฑุช ฺฉุงูุฑ ุบุฑ ฺฉุชุงุจ, Resale dar taharat kafar-e gheire ketabi,3.69,3107,75,1401,-1,0,0,ูุงุฑุณ,1,5 ููุฑ, ููุฌูุฏ 
153,62651,978-9648559781,ฺฉุชุงุจ ุชูุฑูุงุช ุฑูุญ ุฑูุงู ู ูุฑุงูุจู, Spiritual Practices and Meditations,3.48,2738,90,1397,2013,0,0,ูุงุฑุณ,1,---, ุจู ุฒูุฏ  ๐ 
154,104887,978-6229761885,ฺฉุชุงุจ ูุฑุฏ ฺฉู ููู ฺุฒ ุฑุง ู ุฏุฏ, The Man Who Saw Everything,3.57,2601,240,1401,2019,0,0,ูุงุฑุณ,1,5 ููุฑ, ููุฌูุฏ 
155,54602,978-6229934104,ฺฉุชุงุจ ูพฺ ุฎุทุฑูุงฺฉ, Dangerous Corner,3.01,2397,136,1397,1932,0,0,ูุงุฑุณ,1,8 ููุฑ, ููุฌูุฏ 
156,53528,978-6004902045,ฺฉุชุงุจ ุงุฏูุง ู ุฏุฏุงุฑูุง, Memories and meetings,3.91,47,366,1401,-1,0,2,ูุงุฑุณ,2,8 ููุฑ, ููุฌูุฏ 
157,31227,978-6220106067,ฺฉุชุงุจ ููุงุจูุงุฑุงุช, Mahabharata,3.4,33,428,1399,1950,0,0,ูุงุฑุณ,3,---, ุจู ุฒูุฏ  ๐ 
158,73472,978-6008025276,ฺฉุชุงุจ ูููุง ูุนููุ ฺุดู ูุง ฺุฑุฎุงู, Moohaye Moallagh,3.22,1215,204,1396,-1,0,0,ูุงุฑุณ,2,8 ููุฑ, ููุฌูุฏ 
159,108426,978-9641933687,ฺฉุชุงุจ ฺฉุชูุงู, Ketmaan,3.63,1781,990,1400,-1,0,0,ูุงุฑุณ,1,8 ููุฑ, ููุฌูุฏ 
160,39778,978-6222351663,ฺฉุชุงุจ ุจุงุบ, The Garden,3.29,12,82,1399,2020,0,0,ูุงุฑุณ,1,8 ููุฑ, ููุฌูุฏ 
160,56507,978-6222206901,ุจูุดุช ุฎุฏุง, The Garden,3.19,1153,96,1400,2020,0,0,ูุงุฑุณ,1,8 ููุฑ, ููุฌูุฏ 
161,54954,978-9642785292,ฺฉุชุงุจ ฺฉูุฏูุง ุขููุฎุชู ุขุฏุงุจ ุงุฌุชูุงุน ุจู ฺฉูุฏฺฉุงู ู ููุฌูุงูุงู, 365 Manners Kids Should Know,3.03,1360,310,1399,2001,0,0,ูุงุฑุณ,9,8 ููุฑ, ููุฌูุฏ 
162,36784,978-6002516664,ฺฉุชุงุจ ุฏุงุณุชุงู ูุง ุฏูุณุช, Friendship stories,3.02,1108,142,1398,-1,3,4,ูุงุฑุณ,3,8 ููุฑ, ููุฌูุฏ 
163,31218,978-9648838119,ฺฉุชุงุจ ุฑูุฒ ุงุฒ ุฑูุฒูุง ุฒูุฏฺฏ, One Day of Life,3.51,59,229,1397,1980,0,0,ูุงุฑุณ,1,---,  ุชูุงู ุดุฏ ุ ุงูุง ูุงุฑูุด ๐ 
164,16322,978-9648637083,ฺฉุชุงุจ ูุฑููฺฏ ูุนุงุตุฑ (ูุฑุงูุณู-ูุงุฑุณ), Farhang Moaser dictionnaire de poche,3.14,1281,354,1398,-1,2,2,ูุงุฑุณ,52,---, ุจู ุฒูุฏ  ๐ 
165,29097,978-6007022542,ฺฉุชุงุจ ุชุบุฑ ฺฉูฺฺฉ ุชุญูู ุดฺฏุฑู, Change One Thing!,3.22,1447,184,1400,2013,0,0,ูุงุฑุณ,2,6 ููุฑ, ููุฌูุฏ 
166,17883,978-6005733518,ฺฉุชุงุจ ูุชฺฏูุดุชุงู ู ฺฏุงุฏุงูุฑ, Wittgenstein and Gadamer,3.81,73,250,1398,2004,0,0,ูุงุฑุณ,5,5 ููุฑ, ููุฌูุฏ 
167,24058,978-6002533609,ฺฉุชุงุจ ูุฐุงฺฉุฑุงุช ุงุฑุงู ู ุขูุฑฺฉุง, Iran-US,3.73,73,466,1401,-1,0,0,ูุงุฑุณ,2,5 ููุฑ, ููุฌูุฏ 
168,69781,978-9640356845,ฺฉุชุงุจ ุชููุฏ ูุฑู ฺฉููพูุณุช, Production of vermicompost,3.77,1967,160,1392,-1,0,0,ูุงุฑุณ,3,5 ููุฑ, ููุฌูุฏ 
169,15930,978-6229600542,ฺฉุชุงุจ ฺุฑุง ุจุง ุขุฏู ุนูุถ ุงุฒุฏูุงุฌ ู ฺฉููุ, Why You Will Marry the Wrong Person,3.61,1667,72,1399,2017,5,0,ูุงุฑุณ,2,---, ุจู ุฒูุฏ  ๐ 
170,72208,978-9640716380,ฺฉุชุงุจ ูุงุดู ุขุจ ูพุงุด, Mashine Abbpash,3.71,1547,24,1392,-1,4,0,ูุงุฑุณ,3,---, ุจู ุฒูุฏ  ๐ 
171,44256,978-6000479237,ฺฉุชุงุจ ุจุงุฒ ูุดุชุฑ ุงุจ, The Prospecting Game,3.02,1623,144,1397,-1,0,0,ูุงุฑุณ,1,---,  ุชูุงู ุดุฏ ุ ุงูุง ูุงุฑูุด ๐ 
172,91810,978-6001249730,ฺฉุชุงุจ ุชฺฉูฺฉ ูุง ุญุฑูู ุง ุชุฏูู ููู ูุฌุงูุณ, Movie editing professional techniques,3.13,2056,150,1397,-1,1,0,ูุงุฑุณ,1,5 ููุฑ, ููุฌูุฏ 
173,22144,978-9642132775,ฺฉุชุงุจ ุงูุชุตุงุฏ ุณุงุณ ุญููู ุญูุงูุงุช, Making A Killing,3.45,58,208,1396,2007,0,0,ูุงุฑุณ,1,---,  ุชูุงู ุดุฏ ุ ุงูุง ูุงุฑูุด ๐ 
174,112506,978-9642252381,ฺฉุชุงุจ ูุฐุช ูุง ู ุชุฌุฑุจู ูุง ูุนูู, The joys and experiences of being a teacher,3.94,1482,280,1402,-1,0,0,ูุงุฑุณ,1,8 ููุฑ, ููุฌูุฏ 
175,79809,978-6000318970,ฺฉุชุงุจ ุฑูุงุช ูุฑฺฏ ุฏุฑ ุฑูุงู ูุง ุฌูฺฏ ุงุฑุงู ู ูุฑุงูุณู, The story of death,3.41,1178,624,1400,-1,1,0,ูุงุฑุณ,1,5 ููุฑ, ููุฌูุฏ 
176,103007,978-6005911169,ฺฉุชุงุจ ฺฏูุชุงุฑูุง ุฏุฑ ููุณูู ู ููุณูู ุชุฑุจุช, Tarbiyat,3.09,1753,134,1391,-1,0,0,ูุงุฑุณ,2,8 ููุฑ, ููุฌูุฏ 
177,76746,978-9647656634,ฺฉุชุงุจ ูุตู ุนุงุดูุงู ูุฏู, Ghesse Aasheghan Ghadimi,3.69,1835,284,1387,-1,0,0,ูุงุฑุณ,1,6 ููุฑ, ููุฌูุฏ 
178,85169,978-6229677605,ฺฉุชุงุจ ูพุดุช ูพุฑุฏู ุฏูุง ููุณู ฺฉูุงุณฺฉ, Who Knew?,3.54,2603,336,1399,2016,0,0,ูุงุฑุณ,1,8 ููุฑ, ููุฌูุฏ 
179,102715,978-9640924407,ฺฉุชุงุจ ูุนุฑูุช ู ุนุฑูุงู, Knowledge and mysticism,3.14,1760,312,1401,-1,0,0,ูุงุฑุณ,1,8 ููุฑ, ููุฌูุฏ 
180,83605,978-6222087159,ฺฉุชุงุจ ูพุณุฑฺฉ ุบุฑุจุช, Pesarak-e Ghorbati,3.43,1327,71,1398,-1,0,0,ูุงุฑุณ,1,5 ููุฑ, ููุฌูุฏ 
181,103952,978-9646946538,ฺฉุชุงุจ ูุงุฎุฐุดูุงุณ ุงููุช-ุฌูุฏ ุงูู, Etymology of security,3.24,2245,352,1383,-1,1,0,ูุงุฑุณ,1,---,  ุชูุงู ุดุฏ ุ ุงูุง ูุงุฑูุด ๐ 
182,86057,978-9642334346,ฺฉุชุงุจ ุฑุงูููุง ุณูุฑ ุจู ุฏุจ, Dubai travel guide,3.02,1436,54,1401,-1,0,0,ูุงุฑุณ,1,8 ููุฑ, ููุฌูุฏ 
183,96110,978-6003861657,ฺฉุชุงุจ ุจุง ุจุงูู ุจุงุฒุงูุช ฺฉูู, Recycling!,3.15,1415,24,1401,2011,4,0,ูุงุฑุณ,2,8 ููุฑ, ููุฌูุฏ 
184,120555,978-6009835362,ฺฉุชุงุจ ุฒูุฏฺฏ ูุฏููู, The Life We Bury,3.54,63,394,1398,2014,0,0,ูุงุฑุณ,2,8 ููุฑ, ููุฌูุฏ 
185,3521,9789644531200,ฺฉุชุงุจ ุฎุงุทุฑุงุช ุฎูุชู, souvenirs dormants,3.23,96,104,1396,2017,0,0,ูุงุฑุณ,1,5 ููุฑ, ููุฌูุฏ 
185,3519,9789643347574,ุฎุงุทุฑุงุช ุฎูุชู, souvenirs dormants,3.32,40,144,1399,2017,2,0,ูุงุฑุณ,1,5 ููุฑ, ููุฌูุฏ 
185,1863,978-600119991-2,ุฎุงุทุฑุงุช ุฎูุชู, souvenirs dormants,3.51,87,97,1401,2017,0,0,ูุงุฑุณ,3,8 ููุฑ, ููุฌูุฏ 
185,13625,978-6003764118,ุฎุงุทุฑุงุช ุฎูุชู, souvenirs dormants,3.34,62,108,1400,2017,5,0,ูุงุฑุณ,1,---,  ุชูุงู ุดุฏ ุ ุงูุง ูุงุฑูุด ๐ 
186,29840,978-6000808433,ฺฉุชุงุจ ูุบุงุฒู  ุฏูุฌ ุจุงุจุงุจุฒุฑฺฏ, Grandpa's Corner Store,3.55,1108,40,1401,2000,1,0,ูุงุฑุณ,2,8 ููุฑ, ููุฌูุฏ 
187,252,978-600-6732-55-8,ฺฉุชุงุจ ูุฑุฏ ุงุณุช ู ูุชูุดุ ุขูุง ฺฉูุงู!," One Man, One Murder",3.53,93,178,1394,1991,0,0,ูุงุฑุณ,1,---, ุจู ุฒูุฏ  ๐ 
188,37220,978-9644184611,ฺฉุชุงุจ ูพุงู ุชู, The Body Has Its Reasons,3.79,1224,208,1388,1976,0,0,ูุงุฑุณ,1,---,  ุชูุงู ุดุฏ ุ ุงูุง ูุงุฑูุด ๐ 
189,110410,978-6004411028,ฺฉุชุงุจ ุงุฏุจ ุนุงุดู, Adab-e Asheghi,3.36,1873,168,1398,-1,0,0,ูุงุฑุณ,3,8 ููุฑ, ููุฌูุฏ 
190,46529,978-6003390713,ฺฉุชุงุจ ููุงุฌูู ุจุง ูุฑฺฏ, Facing Death,3.72,1254,314,1399,2004,0,4,ูุงุฑุณ,2,5 ููุฑ, ููุฌูุฏ 
191,60686,978-6006445298,ฺฉุชุงุจ ูููู  ุชุงุฑฺฉ, The dark interval,3.68,1265,120,1400,1920,0,0,ูุงุฑุณ,1,---, ุจู ุฒูุฏ  ๐ 
192,45811,978-6008283027,ฺฉุชุงุจ ูฺฏุง ูุฑุฒุด ฺฉูู ุณูุงูุช, Yoga,3.14,1405,272,1395,-1,1,0,ูุงุฑุณ,1,8 ููุฑ, ููุฌูุฏ 
193,60815,978-9642739295,ฺฉุชุงุจ ุฑูุง ุงุฒ ุดุงูุดูฺฉ, The Shawshank Redemption,3.19,1427,135,1392,1996,0,0,ูุงุฑุณ,1,---,  ุชูุงู ุดุฏ ุ ุงูุง ูุงุฑูุด ๐ 
194,43592,978-9643499587,ฺฉุชุงุจ ุงุชู ูุชู ุงู ูพุณุฑฺฉ, Atal matal in pesarak,3.75,30,32,1399,-1,4,4,ูุงุฑุณ,7,---,  ุชูุงู ุดุฏ ุ ุงูุง ูุงุฑูุด ๐ 
195,57694,978-6001944031,ฺฉุชุงุจ ุจุฑุงุฏุฑุงู ูุงููุง 1," Snarf Attack, Underfoodle, and the Secret of Life",3.05,1186,148,1398,2004,0,0,ูุงุฑุณ,3,8 ููุฑ, ููุฌูุฏ 
196,34500,978-6004366670,ฺฉุชุงุจ ุดูุฑ ุงูุฏูู, A City of Sadness,3.22,81,135,1399,2002,0,0,ูุงุฑุณ,2,5 ููุฑ, ููุฌูุฏ 
197,34605,978-6001212055,ฺฉุชุงุจ ุฒูุฏฺฏ ูฺฉู ุขูฺ, Life of Michelangelo,3.15,81,175,1400,1907,0,0,ูุงุฑุณ,8,---, ุจู ุฒูุฏ  ๐ 
